Group,Field,Gender,University,Semester
Web Development (Female) -  Group 3,Web Development,Female,Muhammad Ali Jinnah University,1st
Blue Team / SOC (Female) -  Group 2,Blue Team / SOC,Female,University of Engineering and Technology Lahore,1st completed
AI/ML (Male) -  Group 2,AI/ML,Male,Memon industrial and technical institute,2 year
Blue Team / SOC (Female) -  Group 2,Blue Team / SOC,Female,UET Taxila,2nd
Business & Management (Male) -  Group 1,Business & Management,Male,University Of Agriculture Swat,2nd
Web Development (Female) -  Group 3,Web Development,Female,Virtual University Of Pakistan,2nd 
Web Development (Female) -  Group 4,Web Development,Female,Institute of space technology Islamabad,2nd 
AI/ML (Male) -  Group 1,AI/ML,Male,Fast NUCES,2nd completed
Web Development (Male) -  Group 1,Web Development,Male,"Nust, MCS Rawalpindi campus",2nd completed
Web Development (Male) -  Group 2,Web Development,Male,National university of science and technology (NUST),2nd completed
Accounts & Finance (Female) -  Group 1,Accounts & Finance,Female,COMSATS University Islamabad,3rd
Accounts & Finance (Female) -  Group 1,Accounts & Finance,Female,Muhammad Ali Jinnah University,3rd
Accounts & Finance (Male) -  Group 1,Accounts & Finance,Male,London South bank University,3rd
Accounts & Finance (Male) -  Group 1,Accounts & Finance,Male,LUMS,3rd
Accounts & Finance (Male) -  Group 1,Accounts & Finance,Male,Muhammad Ali Jinnah University,3rd
AI/ML (Female) -  Group 1,AI/ML,Female,Szabist,3rd
AI/ML (Female) -  Group 1,AI/ML,Female,National Skills University,3rd
AI/ML (Female) -  Group 7,AI/ML,Female,Air University Islamabad,3rd
AI/ML (Female) -  Group 7,AI/ML,Female,Fast NUCES,3rd
AI/ML (Male) -  Group 4,AI/ML,Male,Muhammad Ali Jinnah University,3rd
Blue Team / SOC (Female) -  Group 2,Blue Team / SOC,Female,"Comsats University Islamabad, Lahore Campus",3rd
Business & Management (Female) -  Group 1,Business & Management,Female,NUST Islamabad,3rd
Data Science (Female) -  Group 1,Data Science,Female,Virtual University Of Pakistan,3rd
Data Science (Female) -  Group 2,Data Science,Female,PUCIT,3rd
Graphic Design & Video Editing (Female) -  Group 1,Graphic Design & Video Editing,Female,NED University,3rd
Marketing & Lead Generation (Male) -  Group 1,Marketing & Lead Generation,Male,Muhammad Ali Jinnah University,3rd
Marketing & Lead Generation (Male) -  Group 1,Marketing & Lead Generation,Male,Muhammad Ali Jinnah University,3rd
Red Teaming (Male) -  Group 2,Red Teaming,Male,Muhammad Ali Jinnah University,3rd
Red Teaming (Male) -  Group 2,Red Teaming,Male,NUST Islamabad,3rd
Red Teaming (Male) -  Group 3,Red Teaming,Male,University of Engineering and Technology Taxila,3rd
Web Development (Female) -  Group 5,Web Development,Female,PMAS ARID AGRICULTURE UNIVERSITY,3rd
Web Development (Male) -  Group 1,Web Development,Male,COMSATS University Islamabad,3rd
AI/ML (Male) -  Group 1,AI/ML,Male,National university of science and technology (NUST),3rd completed
Data Science (Female) -  Group 1,Data Science,Female,Muhammad Ali Jinnah University,3rd completed
Accounts & Finance (Female) -  Group 1,Accounts & Finance,Female,Air University Kharian,4th
AI/ML (Female) -  Group 4,AI/ML,Female,University of Agriculture,4th
AI/ML (Male) -  Group 1,AI/ML,Male,Muhammad Ali Jinnah University,4th
AI/ML (Male) -  Group 1,AI/ML,Male,Air University Multan,4th
AI/ML (Male) -  Group 3,AI/ML,Male,Muhammad Ali Jinnah University,4th
Blue Team / SOC (Female) -  Group 1,Blue Team / SOC,Female,Air University Islamabad,4th
Blue Team / SOC (Male) -  Group 1,Blue Team / SOC,Male,Air University Kharian,4th
Business & Management (Female) -  Group 1,Business & Management,Female,Air University Kharian,4th
Business & Management (Female) -  Group 2,Business & Management,Female,Air University Kharian,4th
Business & Management (Male) -  Group 1,Business & Management,Male,Muhammad Ali Jinnah University,4th
Data Science (Female) -  Group 1,Data Science,Female,Virtual University Of Pakistan,4th
Data Science (Female) -  Group 1,Data Science,Female,Muhammad Ali Jinnah University,4th
Data Science (Female) -  Group 2,Data Science,Female,Air University Islamabad,4th
Data Science (Male) -  Group 1,Data Science,Male,COMSATS University Islamabad,4th
Data Science (Male) -  Group 1,Data Science,Male,Virtual University Of Pakistan,4th
Data Science (Male) -  Group 2,Data Science,Male,COMSATS University Islamabad,4th
Graphic Design & Video Editing (Female) -  Group 1,Graphic Design & Video Editing,Female,NUML university,4th
HR (Female) -  Group 1,HR,Female,COMSATS University Islamabad,4th
HR (Female) -  Group 1,HR,Female,Air University Islamabad,4th
Marketing & Lead Generation (Female) -  Group 1,Marketing & Lead Generation,Female,Air University Islamabad,4th
Red Teaming (Male) -  Group 3,Red Teaming,Male,FAST NUCES Islamabad,4th
Red Teaming (Male) -  Group 3,Red Teaming,Male,NUTECH,4th
Web Development (Female) -  Group 1,Web Development,Female,Muhammad Ali Jinnah University,4th
Web Development (Female) -  Group 3,Web Development,Female,Arid Agricultural University Rawalpindi,4th
Web Development (Male) -  Group 4,Web Development,Male,Air University Islamabad,4th
Accounts & Finance (Female) -  Group 2,Accounts & Finance,Female,Szabist,4th completed
AI/ML (Female) -  Group 1,AI/ML,Female,COMSATS University Islamabad,4th completed
AI/ML (Female) -  Group 2,AI/ML,Female,FAST NUCES Islamabad,4th completed
AI/ML (Female) -  Group 6,AI/ML,Female,NUST,4th completed
AI/ML (Male) -  Group 2,AI/ML,Male,National university of science and technology (NUST),4th completed
Blue Team / SOC (Female) -  Group 1,Blue Team / SOC,Female,Air University Islamabad,4th completed
Business & Management (Female) -  Group 1,Business & Management,Female,MAO Graduate College Lahore,4th completed
Business & Management (Female) -  Group 2,Business & Management,Female,MAO Graduate College Lahore,4th completed
Business & Management (Female) -  Group 2,Business & Management,Female,NUTECH,4th completed
Data Science (Female) -  Group 1,Data Science,Female,Punjab University Lahore,4th completed
Data Science (Male) -  Group 1,Data Science,Male,Muhammad Ali Jinnah University,4th completed
Data Science (Male) -  Group 1,Data Science,Male,"Comsats University Islamabad, Lahore Campus",4th completed
HR (Female) -  Group 1,HR,Female,NUST Islamabad,4th completed
Red Teaming (Male) -  Group 1,Red Teaming,Male,Air University Islamabad,4th completed
Web Development (Female) -  Group 2,Web Development,Female,Szabist Karachi,4th completed
Web Development (Male) -  Group 3,Web Development,Male,Foundation University Islamabad,4th completed
Web Development (Male) -  Group 4,Web Development,Male,Khwaja fareed university of engineering and information technology,4th completed
Accounts & Finance (Female) -  Group 1,Accounts & Finance,Female,Air University Islamabad,5th
Accounts & Finance (Female) -  Group 1,Accounts & Finance,Female,Air University Kharian,5th
Accounts & Finance (Female) -  Group 1,Accounts & Finance,Female,Muhammad Ali Jinnah University,5th
Accounts & Finance (Female) -  Group 1,Accounts & Finance,Female,Sukkur IBA,5th
Accounts & Finance (Female) -  Group 2,Accounts & Finance,Female,Fast NUCES,5th
Accounts & Finance (Female) -  Group 2,Accounts & Finance,Female,Fast NUCES,5th
Accounts & Finance (Female) -  Group 2,Accounts & Finance,Female,International Islamic University Islamabad,5th
Accounts & Finance (Male) -  Group 1,Accounts & Finance,Male,Punjab University Lahore,5th
AI/ML (Female) -  Group 1,AI/ML,Female,COMSATS University Islamabad,5th
AI/ML (Female) -  Group 2,AI/ML,Female,Air University Islamabad,5th
AI/ML (Female) -  Group 3,AI/ML,Female,University of veterinary and animal sciences Lahore,5th
AI/ML (Female) -  Group 4,AI/ML,Female,Superior University Gold Campus Lahore,5th
AI/ML (Female) -  Group 4,AI/ML,Female,HITEC University Taxilla,5th
AI/ML (Female) -  Group 5,AI/ML,Female,Numl,5th
AI/ML (Female) -  Group 5,AI/ML,Female,"Comsats University Islamabad, Lahore Campus",5th
AI/ML (Female) -  Group 5,AI/ML,Female,International Islamic University Islamabad,5th
AI/ML (Female) -  Group 5,AI/ML,Female,Institute of Space Technology,5th
AI/ML (Male) -  Group 1,AI/ML,Male,COMSATS University Islamabad,5th
AI/ML (Male) -  Group 2,AI/ML,Male,COMSATS University Islamabad,5th
AI/ML (Male) -  Group 3,AI/ML,Male,Muhammad Ali Jinnah University,5th
AI/ML (Male) -  Group 4,AI/ML,Male,FAST NUCES Islamabad,5th
AI/ML (Male) -  Group 4,AI/ML,Male,"Comsats University Islamabad, Lahore Campus",5th
AI/ML (Male) -  Group 5,AI/ML,Male,HITMS (Hyderabad Institute For Technology and Management Sciences),5th
AI/ML (Male) -  Group 5,AI/ML,Male,"Nust, MCS Rawalpindi campus",5th
AI/ML (Male) -  Group 7,AI/ML,Male,Fast NUCES,5th
Blue Team / SOC (Female) -  Group 1,Blue Team / SOC,Female,COMSATS University Islamabad,5th
Blue Team / SOC (Female) -  Group 2,Blue Team / SOC,Female,COMSATS University Islamabad,5th
Blue Team / SOC (Female) -  Group 2,Blue Team / SOC,Female,Rawalpindi Women University,5th
Blue Team / SOC (Male) -  Group 2,Blue Team / SOC,Male,Air University Islamabad,5th
Business & Management (Female) -  Group 1,Business & Management,Female,Fast NUCES,5th
Business & Management (Male) -  Group 1,Business & Management,Male,Fast NUCES lahore,5th
Data Science (Male) -  Group 1,Data Science,Male,"Institute of Business Administration, IBA Karachi.",5th
Data Science (Male) -  Group 1,Data Science,Male,Muhammad Ali Jinnah University,5th
Data Science (Male) -  Group 2,Data Science,Male,Superior university,5th
Data Science (Male) -  Group 2,Data Science,Male,PMAS Arid Agriculture University Rawalpindi,5th
Data Science (Male) -  Group 2,Data Science,Male,Muhammad Ali Jinnah University,5th
Graphic Design & Video Editing (Female) -  Group 1,Graphic Design & Video Editing,Female,Air University Islamabad,5th
Graphic Design & Video Editing (Female) -  Group 1,Graphic Design & Video Editing,Female,Virtual University Of Pakistan,5th
Graphic Design & Video Editing (Male) -  Group 1,Graphic Design & Video Editing,Male,Air University Multan,5th
Graphic Design & Video Editing (Male) -  Group 1,Graphic Design & Video Editing,Male,Air University Multan,5th
Marketing & Lead Generation (Female) -  Group 1,Marketing & Lead Generation,Female,Foundation University,5th
Red Teaming (Female) -  Group 1,Red Teaming,Female,Riphah international university Islamabad,5th
Red Teaming (Female) -  Group 1,Red Teaming,Female,The University of Faisalabad,5th
Red Teaming (Female) -  Group 2,Red Teaming,Female,The University of Faisalabad,5th
Red Teaming (Female) -  Group 2,Red Teaming,Female,"Capital University of Science and Technology, Islamabad",5th
Red Teaming (Male) -  Group 1,Red Teaming,Male,"Comsats University Islamabad, Lahore Campus",5th
Red Teaming (Male) -  Group 1,Red Teaming,Male,Air University Islamabad,5th
Web Development (Female) -  Group 1,Web Development,Female,Riphah international University,5th
Web Development (Female) -  Group 1,Web Development,Female,Szabist,5th
Web Development (Female) -  Group 2,Web Development,Female,Szabist,5th
Web Development (Female) -  Group 2,Web Development,Female,Muhammad Ali Jinnah University,5th
Web Development (Female) -  Group 3,Web Development,Female,NUST,5th
Web Development (Female) -  Group 3,Web Development,Female,Ziauddin University Sukkur Campus,5th
Web Development (Female) -  Group 4,Web Development,Female,Air University Islamabad,5th
Web Development (Female) -  Group 4,Web Development,Female,Muhammad Ali Jinnah University,5th
Web Development (Female) -  Group 4,Web Development,Female,Shaheed Zulfikar Ali Bhutto Institute of Science and Technology University Karachi,5th
Web Development (Female) -  Group 5,Web Development,Female,Government college University Faisalabad,5th
Web Development (Male) -  Group 2,Web Development,Male,COMSATS university Islamabad attock campus,5th
Web Development (Male) -  Group 4,Web Development,Male,Numl,5th
Web Development (Male) -  Group 4,Web Development,Male,Air University Islamabad,5th
Accounts & Finance (Male) -  Group 1,Accounts & Finance,Male,Salim Habib University,5th 
Data Science (Male) -  Group 2,Data Science,Male,Muhammad Ali Jinnah University,5th 
Web Development (Male) -  Group 3,Web Development,Male,Muhammad Ali Jinnah University,5th completed
Accounts & Finance (Female) -  Group 2,Accounts & Finance,Female,"Bahria University, Karachi Campus.",6th
Accounts & Finance (Male) -  Group 1,Accounts & Finance,Male,COMSATS University Islamabad,6th
AI/ML (Female) -  Group 1,AI/ML,Female,Rawalpindi Women University,6th
AI/ML (Female) -  Group 2,AI/ML,Female,Air University Islamabad,6th
AI/ML (Female) -  Group 3,AI/ML,Female,UET Taxila,6th
AI/ML (Female) -  Group 3,AI/ML,Female,SZABIST Islamabad,6th
AI/ML (Female) -  Group 3,AI/ML,Female,COMSATS University Islamabad,6th
AI/ML (Female) -  Group 4,AI/ML,Female,Comsats University Islamabad Campus Vehari,6th
AI/ML (Female) -  Group 5,AI/ML,Female,COMSATS University Islamabad,6th
AI/ML (Female) -  Group 5,AI/ML,Female,COMSATS University Islamabad,6th
AI/ML (Female) -  Group 6,AI/ML,Female,Air University Islamabad,6th
AI/ML (Female) -  Group 6,AI/ML,Female,Rawalpindi Women University,6th
AI/ML (Female) -  Group 7,AI/ML,Female,Muhammad Ali Jinnah University,6th
AI/ML (Male) -  Group 1,AI/ML,Male,COMSATS University Islamabad,6th
AI/ML (Male) -  Group 1,AI/ML,Male,University of gujrat,6th
AI/ML (Male) -  Group 2,AI/ML,Male,"Comsats University Islamabad, Lahore Campus",6th
AI/ML (Male) -  Group 2,AI/ML,Male,COMSATS University Islamabad,6th
AI/ML (Male) -  Group 2,AI/ML,Male,National university of science and technology (NUST),6th
AI/ML (Male) -  Group 3,AI/ML,Male,Bahria University,6th
AI/ML (Male) -  Group 3,AI/ML,Male,Lahore Garrison University,6th
AI/ML (Male) -  Group 3,AI/ML,Male,NUST - SEECS - H12,6th
AI/ML (Male) -  Group 3,AI/ML,Male,NUST,6th
AI/ML (Male) -  Group 4,AI/ML,Male,Lahore Garrison University,6th
AI/ML (Male) -  Group 4,AI/ML,Male,Pafiast,6th
AI/ML (Male) -  Group 6,AI/ML,Male,Federal Urdu University Islamabad,6th
AI/ML (Male) -  Group 6,AI/ML,Male,"Capital University of Science and Technology, Islamabad",6th
Blue Team / SOC (Female) -  Group 2,Blue Team / SOC,Female,National University of Modern Languages (NUML) Islamabad,6th
Blue Team / SOC (Male) -  Group 2,Blue Team / SOC,Male,"Wah Engineering College, University of Wah",6th
Blue Team / SOC (Male) -  Group 2,Blue Team / SOC,Male,Sindh Madarssatul Islam University,6th
Business & Management (Male) -  Group 1,Business & Management,Male,COMSATS University Islamabad,6th
Data Science (Male) -  Group 2,Data Science,Male,Muhammad Ali Jinnah University,6th
Data Science (Male) -  Group 2,Data Science,Male,Sindh Madarssatul Islam University,6th
Data Science (Male) -  Group 2,Data Science,Male,Szabist Karachi,6th
HR (Female) -  Group 1,HR,Female,University of wah,6th
Marketing & Lead Generation (Female) -  Group 1,Marketing & Lead Generation,Female,Rawalpindi Women University,6th
Marketing & Lead Generation (Male) -  Group 1,Marketing & Lead Generation,Male,COMSATS University Islamabad,6th
Red Teaming (Female) -  Group 2,Red Teaming,Female,Bahria University Islamabad,6th
Red Teaming (Female) -  Group 2,Red Teaming,Female,SMIU,6th
Red Teaming (Female) -  Group 2,Red Teaming,Female,"Comsats University Islamabad, Lahore Campus",6th
SQA (Female) -  Group 1,SQA,Female,NUML university,6th
SQA (Female) -  Group 1,SQA,Female,Rawalpindi Women University,6th
SQA (Female) -  Group 1,SQA,Female,Rawalpindi Women University,6th
Web Development (Female) -  Group 2,Web Development,Female,Aptech learning institute,6th
Web Development (Female) -  Group 2,Web Development,Female,Riphah international University,6th
Web Development (Female) -  Group 3,Web Development,Female,Riphah international University,6th
Web Development (Female) -  Group 4,Web Development,Female,Fatima Jinnah Women University,6th
Web Development (Female) -  Group 4,Web Development,Female,Quaid-e-Azam university Islamabad,6th
Web Development (Female) -  Group 5,Web Development,Female,Szabist,6th
Web Development (Female) -  Group 5,Web Development,Female,NUST,6th
Web Development (Male) -  Group 3,Web Development,Male,Air University Islamabad,6th
Web Development (Male) -  Group 4,Web Development,Male,Muhammad Ali Jinnah University,6th
Web Development (Male) -  Group 4,Web Development,Male,Muhammad Ali Jinnah University,6th
Accounts & Finance (Female) -  Group 1,Accounts & Finance,Female,National university of computer and emergence science,6th completed
AI/ML (Female) -  Group 4,AI/ML,Female,Air University Islamabad,6th completed
AI/ML (Female) -  Group 4,AI/ML,Female,SZABIST Islamabad,6th completed
AI/ML (Male) -  Group 5,AI/ML,Male,SZABIST Islamabad,6th completed
AI/ML (Male) -  Group 5,AI/ML,Male,Khwaja fareed university of engineering and information technology,6th completed
Blue Team / SOC (Female) -  Group 2,Blue Team / SOC,Female,International Islamic University Islamabad,6th completed
Data Science (Female) -  Group 1,Data Science,Female,Rawalpindi Women University,6th completed
Red Teaming (Female) -  Group 1,Red Teaming,Female,Quaid-e-Azam university Islamabad,6th completed
SQA (Female) -  Group 1,SQA,Female,Rawalpindi Women University,6th completed
Web Development (Female) -  Group 2,Web Development,Female,Shaheed Zulfiqar Ali Bhutto Institute of Science &  Technology Islamabad,6th completed
Web Development (Female) -  Group 2,Web Development,Female,University of gujrat,6th completed
Web Development (Female) -  Group 3,Web Development,Female,HITEC University Taxilla,6th completed
Web Development (Female) -  Group 4,Web Development,Female,HITEC University Taxilla,6th completed
Accounts & Finance (Female) -  Group 1,Accounts & Finance,Female,Muhammad Ali Jinnah University,7th
Accounts & Finance (Female) -  Group 2,Accounts & Finance,Female,NUST,7th
Accounts & Finance (Female) -  Group 2,Accounts & Finance,Female,NUST,7th
AI/ML (Female) -  Group 1,AI/ML,Female,Lahore College for Women University (Affiiated Campus: GGCW Gulberg),7th
AI/ML (Female) -  Group 1,AI/ML,Female,Sir Syed University of Engineering and Technology,7th
AI/ML (Female) -  Group 2,AI/ML,Female,COMSATS University Islamabad,7th
AI/ML (Female) -  Group 2,AI/ML,Female,University of Haripur,7th
AI/ML (Female) -  Group 2,AI/ML,Female,"Nust, MCS Rawalpindi campus",7th
AI/ML (Female) -  Group 2,AI/ML,Female,Arid Agricultural University Rawalpindi,7th
AI/ML (Female) -  Group 3,AI/ML,Female,Szabist,7th
AI/ML (Female) -  Group 3,AI/ML,Female,Lahore Garrison University,7th
AI/ML (Female) -  Group 3,AI/ML,Female,Fatima Jinnah Women University,7th
AI/ML (Female) -  Group 3,AI/ML,Female,Sarhad University Peshawar,7th
AI/ML (Female) -  Group 3,AI/ML,Female,PMAS ARID AGRICULTURE UNIVERSITY,7th
AI/ML (Female) -  Group 4,AI/ML,Female,Lahore Garrison University,7th
AI/ML (Female) -  Group 4,AI/ML,Female,COMSATS University Islamabad,7th
AI/ML (Female) -  Group 4,AI/ML,Female,Abasyn University Islamabad,7th
AI/ML (Female) -  Group 5,AI/ML,Female,"Dawood University of Engineering & Technology, Karachi",7th
AI/ML (Female) -  Group 5,AI/ML,Female,Riphah international University,7th
AI/ML (Female) -  Group 6,AI/ML,Female,COMSATS University Islamabad,7th
AI/ML (Female) -  Group 7,AI/ML,Female,Muhammad Ali Jinnah University,7th
AI/ML (Female) -  Group 7,AI/ML,Female,"Nust, MCS Rawalpindi campus",7th
AI/ML (Male) -  Group 1,AI/ML,Male,UET Taxila,7th
AI/ML (Male) -  Group 3,AI/ML,Male,Barani institute of management sciences,7th
AI/ML (Male) -  Group 3,AI/ML,Male,International Islamic University Islamabad,7th
AI/ML (Male) -  Group 3,AI/ML,Male,Federal Urdu University of Arts Science and Technology,7th
AI/ML (Male) -  Group 4,AI/ML,Male,Riphah international university Islamabad,7th
AI/ML (Male) -  Group 4,AI/ML,Male,Szabist Karachi,7th
AI/ML (Male) -  Group 6,AI/ML,Male,NUST Balochistan Campus,7th
AI/ML (Male) -  Group 7,AI/ML,Male,University of Sargodha,7th
AI/ML (Male) -  Group 7,AI/ML,Male,SZABIST Islamabad,7th
AI/ML (Male) -  Group 7,AI/ML,Male,Iqra university Islamabad,7th
AI/ML (Male) -  Group 7,AI/ML,Male,Ghulam ishaq khan institute of engineering science and technology,7th
Blue Team / SOC (Female) -  Group 1,Blue Team / SOC,Female,"Dawood University of Engineering & Technology, Karachi",7th
Blue Team / SOC (Female) -  Group 1,Blue Team / SOC,Female,Gcuf,7th
Blue Team / SOC (Female) -  Group 1,Blue Team / SOC,Female,Punjab University Lahore,7th
Blue Team / SOC (Female) -  Group 1,Blue Team / SOC,Female,Riphah international University,7th
Blue Team / SOC (Female) -  Group 2,Blue Team / SOC,Female,Fast NUCES,7th
Blue Team / SOC (Male) -  Group 1,Blue Team / SOC,Male,COMSATS University Islamabad,7th
Blue Team / SOC (Male) -  Group 1,Blue Team / SOC,Male,City university of science and technology,7th
Blue Team / SOC (Male) -  Group 2,Blue Team / SOC,Male,COMSATS University Islamabad,7th
Blue Team / SOC (Male) -  Group 2,Blue Team / SOC,Male,Shaheed Zulfikar Ali Bhutto Institute of Science and Technology University,7th
Business & Management (Female) -  Group 2,Business & Management,Female,Bahria University,7th
Business & Management (Female) -  Group 2,Business & Management,Female,Muhammad Ali Jinnah University,7th
Business & Management (Female) -  Group 2,Business & Management,Female,Air University Islamabad,7th
Business & Management (Male) -  Group 1,Business & Management,Male,COMSATS University Islamabad,7th
Business & Management (Male) -  Group 1,Business & Management,Male,"LUMS, Lahore university of management sciences",7th
Business & Management (Male) -  Group 1,Business & Management,Male,Muhammad Ali Jinnah University,7th
Data Science (Female) -  Group 2,Data Science,Female,Szabist Karachi,7th
Data Science (Female) -  Group 2,Data Science,Female,Rawalpindi Women University,7th
Data Science (Male) -  Group 1,Data Science,Male,Iqra University,7th
DevOps (Female) -  Group 1,DevOps,Female,Fatima Jinnah Women University,7th
Graphic Design & Video Editing (Female) -  Group 1,Graphic Design & Video Editing,Female,Rawalpindi Women University,7th
Graphic Design & Video Editing (Female) -  Group 1,Graphic Design & Video Editing,Female,International Islamic University Islamabad,7th
HR (Female) -  Group 1,HR,Female,NUMS,7th
Red Teaming (Female) -  Group 1,Red Teaming,Female,Gcuf,7th
Red Teaming (Female) -  Group 1,Red Teaming,Female,Rawalpindi Women University,7th
Red Teaming (Female) -  Group 1,Red Teaming,Female,Rawalpindi Women University,7th
Red Teaming (Female) -  Group 2,Red Teaming,Female,Abdul wali khan university Mardan,7th
Red Teaming (Male) -  Group 1,Red Teaming,Male,Air University Multan,7th
Red Teaming (Male) -  Group 1,Red Teaming,Male,Mehran University of Engineering and Technology Jamshoro,7th
Red Teaming (Male) -  Group 2,Red Teaming,Male,PMAS UAAR,7th
Red Teaming (Male) -  Group 2,Red Teaming,Male,"National University of Technology (Nutech), Islamabad",7th
Red Teaming (Male) -  Group 2,Red Teaming,Male,Bahria University Islamabad,7th
Red Teaming (Male) -  Group 3,Red Teaming,Male,Abdul wali khan university Mardan,7th
Red Teaming (Male) -  Group 3,Red Teaming,Male,Air University Islamabad,7th
Red Teaming (Male) -  Group 3,Red Teaming,Male,Air University Islamabad,7th
SQA (Female) -  Group 1,SQA,Female,Bahria School of Engineering and Applied Sciences.,7th
Web Development (Female) -  Group 1,Web Development,Female,Rawalpindi Women University,7th
Web Development (Female) -  Group 1,Web Development,Female,NUTECH,7th
Web Development (Female) -  Group 1,Web Development,Female,Rawalpindi Women University,7th
Web Development (Female) -  Group 2,Web Development,Female,BZU Multan,7th
Web Development (Female) -  Group 2,Web Development,Female,Lahore College for Women University (Affiiated Campus: GGCW Gulberg),7th
Web Development (Female) -  Group 2,Web Development,Female,university of mianwali,7th
Web Development (Female) -  Group 3,Web Development,Female,National University of Modern Languages (NUML) Islamabad,7th
Web Development (Female) -  Group 4,Web Development,Female,Rawalpindi Women University,7th
Web Development (Female) -  Group 5,Web Development,Female,COMSATS University Islamabad,7th
Web Development (Female) -  Group 5,Web Development,Female,Szabist karachi campus,7th
Web Development (Female) -  Group 5,Web Development,Female,Sir Syed CASE IT,7th
Web Development (Female) -  Group 5,Web Development,Female,International Islamic University Islamabad,7th
Web Development (Male) -  Group 1,Web Development,Male,Khwaja fareed university of engineering and information technology,7th
Web Development (Male) -  Group 1,Web Development,Male,COMSATS university Islamabad attock campus,7th
Web Development (Male) -  Group 1,Web Development,Male,Khwaja fareed university of engineering and information technology,7th
Web Development (Male) -  Group 1,Web Development,Male,Numl,7th
Web Development (Male) -  Group 2,Web Development,Male,International Islamic University Islamabad,7th
Web Development (Male) -  Group 2,Web Development,Male,Riphah international University,7th
Web Development (Male) -  Group 2,Web Development,Male,Foundation University Islamabad,7th
Web Development (Male) -  Group 2,Web Development,Male,Riphah international university Islamabad,7th
Web Development (Male) -  Group 3,Web Development,Male,NFC-IET,7th
Web Development (Male) -  Group 3,Web Development,Male,DHA Suffa university,7th
Marketing & Lead Generation (Female) -  Group 1,Marketing & Lead Generation,Female,Murray Graduate College Sialkot,7th 
Web Development (Female) -  Group 1,Web Development,Female,Air University Islamabad,7th completed
Web Development (Female) -  Group 1,Web Development,Female,Muhammad Ali Jinnah University,7th completed
AI/ML (Female) -  Group 6,AI/ML,Female,Fatima Jinnah Women University,8th
AI/ML (Female) -  Group 7,AI/ML,Female,National university of science and technology (NUST),8th
AI/ML (Male) -  Group 2,AI/ML,Male,Muhammad Ali Jinnah University,8th
AI/ML (Male) -  Group 2,AI/ML,Male,Air University Islamabad,8th
AI/ML (Male) -  Group 4,AI/ML,Male,COMSATS University Islamabad,8th
AI/ML (Male) -  Group 6,AI/ML,Male,Virtual University Of Pakistan,8th
AI/ML (Male) -  Group 6,AI/ML,Male,Virtual University Of Pakistan,8th
AI/ML (Male) -  Group 7,AI/ML,Male,Bahria University Lahore Campus,8th
Blue Team / SOC (Female) -  Group 1,Blue Team / SOC,Female,Bahria University Islamabad,8th
Blue Team / SOC (Male) -  Group 1,Blue Team / SOC,Male,Government college University Faisalabad,8th
Blue Team / SOC (Male) -  Group 1,Blue Team / SOC,Male,National University of Modern Languages (NUML) Islamabad,8th
Blue Team / SOC (Male) -  Group 2,Blue Team / SOC,Male,University of Chakwal,8th
Data Science (Female) -  Group 1,Data Science,Female,Punjab University Lahore,8th
Data Science (Male) -  Group 2,Data Science,Male,National University of Modern Languages (NUML) Islamabad,8th
Marketing & Lead Generation (Male) -  Group 1,Marketing & Lead Generation,Male,The Islamia University of Bahawalpur,8th
Marketing & Lead Generation (Male) -  Group 1,Marketing & Lead Generation,Male,Numl,8th
SQA (Female) -  Group 1,SQA,Female,PMAS ARID AGRICULTURE UNIVERSITY,8th
SQA (Male) -  Group 1,SQA,Male,Muhammad Ali Jinnah University,8th
SQA (Male) -  Group 1,SQA,Male,Muhammad Ali Jinnah University,8th
Web Development (Female) -  Group 1,Web Development,Female,Sindh Madarssatul Islam University,8th
Web Development (Female) -  Group 3,Web Development,Female,BZU Multan,8th
Web Development (Female) -  Group 5,Web Development,Female,Virtual University Of Pakistan,8th
Web Development (Male) -  Group 2,Web Development,Male,National University of Modern Languages (NUML) Islamabad,8th
Web Development (Male) -  Group 3,Web Development,Male,University of Agriculture Faisalabad,8th
Web Development (Male) -  Group 4,Web Development,Male,Szabist,8th
Accounts & Finance (Male) -  Group 1,Accounts & Finance,Male,University Of Sindh,Final
AI/ML (Female) -  Group 1,AI/ML,Female,Arid Agricultural University Rawalpindi,Final
Web Development (Male) -  Group 3,Web Development,Male,Sukkur IBA,Final
AI/ML (Female) -  Group 6,AI/ML,Female,Sukkur IBA,Fresh graduate
AI/ML (Male) -  Group 5,AI/ML,Male,NUST,Fresh graduate
AI/ML (Male) -  Group 6,AI/ML,Male,Sukkur IBA,Fresh graduate
AI/ML (Male) -  Group 7,AI/ML,Male,Uet Mardan,Fresh graduate
AI/ML (Male) -  Group 7,AI/ML,Male,PAF-IAST,Fresh graduate
Blue Team / SOC (Male) -  Group 1,Blue Team / SOC,Male,SZABIST Islamabad,Fresh graduate
SQA (Female) -  Group 1,SQA,Female,NUST,Fresh graduate
Web Development (Female) -  Group 3,Web Development,Female,"Capital University of Science and Technology, Islamabad",Fresh graduate
AI/ML (Male) -  Group 2,AI/ML,Male,COMSATS University Islamabad,Fresher
Data Science (Female) -  Group 2,Data Science,Female,COMSATS University Islamabad,Fresher
Accounts & Finance (Female) -  Group 2,Accounts & Finance,Female,IIUI,Graduated
Accounts & Finance (Female) -  Group 2,Accounts & Finance,Female,University of education lahore,Graduated
AI/ML (Female) -  Group 2,AI/ML,Female,PMAS Arid Agriculture University Rawalpindi,Graduated
AI/ML (Female) -  Group 2,AI/ML,Female,Peace and conflict study,Graduated
AI/ML (Female) -  Group 5,AI/ML,Female,Punjab University Lahore,Graduated
AI/ML (Female) -  Group 6,AI/ML,Female,Syeda Arfa Batool,Graduated
AI/ML (Female) -  Group 6,AI/ML,Female,National University of Modern Languages (NUML) Islamabad,Graduated
AI/ML (Female) -  Group 7,AI/ML,Female,University of Haripur,Graduated
AI/ML (Male) -  Group 1,AI/ML,Male,NUST,Graduated
AI/ML (Male) -  Group 1,AI/ML,Male,University of engineering and technology Peshawar,Graduated
AI/ML (Male) -  Group 2,AI/ML,Male,National University of Modern Languages (NUML) Islamabad,Graduated
AI/ML (Male) -  Group 3,AI/ML,Male,Al-Khair University (AJK),Graduated
AI/ML (Male) -  Group 4,AI/ML,Male,Air University Islamabad,Graduated
AI/ML (Male) -  Group 5,AI/ML,Male,University of engineering and technology Peshawar,Graduated
AI/ML (Male) -  Group 5,AI/ML,Male,UET Taxila,Graduated
AI/ML (Male) -  Group 5,AI/ML,Male,National University of Modern Languages (NUML) Islamabad,Graduated
AI/ML (Male) -  Group 5,AI/ML,Male,COMSATS University Islamabad,Graduated
AI/ML (Male) -  Group 6,AI/ML,Male,The Islamia University of Bahawalpur,Graduated
AI/ML (Male) -  Group 6,AI/ML,Male,university of mianwali,Graduated
AI/ML (Male) -  Group 6,AI/ML,Male,PMAS Arid Agriculture University Rawalpindi,Graduated
AI/ML (Male) -  Group 7,AI/ML,Male,Islamia College peshawar,Graduated
Blue Team / SOC (Female) -  Group 1,Blue Team / SOC,Female,Air University Islamabad,Graduated
Blue Team / SOC (Male) -  Group 1,Blue Team / SOC,Male,Universidad del Norte,Graduated
Blue Team / SOC (Male) -  Group 2,Blue Team / SOC,Male,University of Chakwal,Graduated
Business & Management (Female) -  Group 1,Business & Management,Female,NUST,Graduated
Business & Management (Female) -  Group 1,Business & Management,Female,Sukkur IBA,Graduated
Business & Management (Male) -  Group 1,Business & Management,Male,Benazir Bhutto Shaheed University Lyari Karachi,Graduated
Business & Management (Male) -  Group 1,Business & Management,Male,Muhammad Ali Jinnah University,Graduated
Data Science (Female) -  Group 2,Data Science,Female,COMSATS university Islamabad attock campus,Graduated
Data Science (Female) -  Group 2,Data Science,Female,Saanvi womens degreee and pg collegee,Graduated
Data Science (Male) -  Group 1,Data Science,Male,COMSATS university Islamabad attock campus,Graduated
Data Science (Male) -  Group 1,Data Science,Male,Muhammad Ali Jinnah University,Graduated
Data Science (Male) -  Group 1,Data Science,Male,Arid Agricultural University Rawalpindi,Graduated
Graphic Design & Video Editing (Female) -  Group 1,Graphic Design & Video Editing,Female,University of Haripur,Graduated
Graphic Design & Video Editing (Female) -  Group 1,Graphic Design & Video Editing,Female,Lahore Garrison University,Graduated
Marketing & Lead Generation (Female) -  Group 1,Marketing & Lead Generation,Female,Gcuf,Graduated
Marketing & Lead Generation (Female) -  Group 1,Marketing & Lead Generation,Female,HITEC University Taxilla,Graduated
Marketing & Lead Generation (Male) -  Group 1,Marketing & Lead Generation,Male,University of Lahore,Graduated
Marketing & Lead Generation (Male) -  Group 1,Marketing & Lead Generation,Male,Arfa Karim Technology Incubator,Graduated
Red Teaming (Male) -  Group 1,Red Teaming,Male,International Islamic University Islamabad,Graduated
Red Teaming (Male) -  Group 1,Red Teaming,Male,Gcuf,Graduated
Red Teaming (Male) -  Group 2,Red Teaming,Male,COMSATS University Islamabad,Graduated
Red Teaming (Male) -  Group 2,Red Teaming,Male,Fast university (NUCES) Karachi,Graduated
Red Teaming (Male) -  Group 3,Red Teaming,Male,Muhammad Ali Jinnah University,Graduated
SQA (Female) -  Group 1,SQA,Female,University of Education Lahore Multan campus,Graduated
SQA (Female) -  Group 1,SQA,Female,Bahria University,Graduated
Web Development (Female) -  Group 1,Web Development,Female,University of Central Punjab,Graduated
Web Development (Female) -  Group 4,Web Development,Female,University Of Sindh,Graduated
Web Development (Male) -  Group 1,Web Development,Male,CECOS University of IT & Emerging Science,Graduated
Web Development (Male) -  Group 1,Web Development,Male,Islamiya university of Bahawalpur bahawalnager campus,Graduated
Web Development (Male) -  Group 2,Web Development,Male,University of gujrat,Graduated
Web Development (Male) -  Group 3,Web Development,Male,Virtual University Of Pakistan,Graduated
Web Development (Male) -  Group 4,Web Development,Male,Tanta,Graduated
AI/ML (Female) -  Group 1,AI/ML,Female,"NUST, Islamabad",Last (MS)
Accounts & Finance (Female) -  Group 1,Accounts & Finance,Female,Muhammad Ali Jinnah University,null
AI/ML (Female) -  Group 6,AI/ML,Female,University of Haripur,null
AI/ML (Female) -  Group 7,AI/ML,Female,Karachi University,null
AI/ML (Male) -  Group 4,AI/ML,Male,Federal Urdu University of Arts Science and Technology,null
AI/ML (Male) -  Group 5,AI/ML,Male,NUML Multan,null
AI/ML (Male) -  Group 6,AI/ML,Male,Lahore Garrison University,null
AI/ML (Male) -  Group 7,AI/ML,Male,Foundation University,null
Blue Team / SOC (Female) -  Group 2,Blue Team / SOC,Female,Virtual University Of Pakistan,null
Blue Team / SOC (Male) -  Group 1,Blue Team / SOC,Male,Air University Islamabad,null
Blue Team / SOC (Male) -  Group 2,Blue Team / SOC,Male,University of Engineering and Technology Taxila,null
Business & Management (Female) -  Group 1,Business & Management,Female,Bahria University,null
Business & Management (Male) -  Group 1,Business & Management,Male,Karachi University,null
Data Science (Female) -  Group 1,Data Science,Female,Air university Islamabad,null
HR (Female) -  Group 1,HR,Female,Rawalpindi Women University,null
HR (Female) -  Group 1,HR,Female,Virtual University Of Pakistan,null
Red Teaming (Male) -  Group 1,Red Teaming,Male,UOG,null
Web Development (Female) -  Group 4,Web Development,Female,Abasyn University Islamabad,null
Web Development (Female) -  Group 5,Web Development,Female,International Islamic University,null
Web Development (Male) -  Group 1,Web Development,Male,University of Education Lahore Multan campus,null
Web Development (Male) -  Group 2,Web Development,Male,Muhammad Ali Jinnah University,null
AI/ML (Female) -  Group 7,AI/ML,Female,"Hailey College of Commerce, University of the Punjab",Waiting for results of 8th sem
